id,winner_model_a,winner_model_b,winner_tie
136060,0.2780985374557084,0.33095493478728527,0.3909465277570064
211333,0.27977228322293957,0.3516720406606327,0.3685556761164278
1233961,0.03282391785963909,0.9649613240003736,0.0022147581399873544
