id,winner_model_a,winner_model_b,winner_tie
136060,0.1798612604277062,0.2895759565491126,0.5305627830231812
211333,0.395792247095687,0.33391843378622565,0.27028931911808723
1233961,0.26195336892339366,0.4370882331025598,0.30095839797404655
