id,winner_model_a,winner_model_b,winner_tie
136060,0.18613201523408157,0.1903237148893117,0.6235442698766066
211333,0.36286731796145816,0.28987510352259016,0.3472575785159518
1233961,0.33891628979072863,0.4283690148817859,0.2327146953274855
